Modo,Modelo,Modelo_contrario,Color,Resultado,Finalizado,Elo,Jaque,Mate,Numero_de_movimientos,Movimientos,Tiempo_movimiento_medio,Tabla_final,Tabla_totales
bot_vs_bot_interno,Hatchet1,Hatchet1,white,0,TRUE,400,FALSE,FALSE,50,f4Xf6Xa3XNa6XNh3Xh6Xc3Xb6XNg1Xe6XNf3XBb7Xa4XBb4XRa2XBd5XRa1XKf7XNa3XRh7XQb3XQe7Xd4Xb5XQxb4Xc5XRg1XQf8XNh4XNe7XNg6XQh8XNxh8+XKg8XNf7XKf8XNh8XKg8XNf7XKf8XNh8XKg8XNf7XKf8XNh8XKg8XNf7XKf8XNh8XKg8,0.125257849693298,r5kN/p2pn1pr/n3pp1p/1ppb4/PQ1P1P2/N1P5/1P2P1PP/R1B1KBR1 w - - 17 26,rnbqkbnr/pppppppp/8/8/8/8/PPPPPPPP/RNBQKBNR w KQkq - 0 1Xrnbqkbnr/pppppppp/8/8/5P2/8/PPPPP1PP/RNBQKBNR b KQkq - 0 1Xrnbqkbnr/ppppp1pp/5p2/8/5P2/8/PPPPP1PP/RNBQKBNR w KQkq - 0 2Xrnbqkbnr/ppppp1pp/5p2/8/5P2/P7/1PPPP1PP/RNBQKBNR b KQkq - 0 2Xr1bqkbnr/ppppp1pp/n4p2/8/5P2/P7/1PPPP1PP/RNBQKBNR w KQkq - 1 3Xr1bqkbnr/ppppp1pp/n4p2/8/5P2/P6N/1PPPP1PP/RNBQKB1R b KQkq - 2 3Xr1bqkbnr/ppppp1p1/n4p1p/8/5P2/P6N/1PPPP1PP/RNBQKB1R w KQkq - 0 4Xr1bqkbnr/ppppp1p1/n4p1p/8/5P2/P1P4N/1P1PP1PP/RNBQKB1R b KQkq - 0 4Xr1bqkbnr/p1ppp1p1/np3p1p/8/5P2/P1P4N/1P1PP1PP/RNBQKB1R w KQkq - 0 5Xr1bqkbnr/p1ppp1p1/np3p1p/8/5P2/P1P5/1P1PP1PP/RNBQKBNR b KQkq - 1 5Xr1bqkbnr/p1pp2p1/np2pp1p/8/5P2/P1P5/1P1PP1PP/RNBQKBNR w KQkq - 0 6Xr1bqkbnr/p1pp2p1/np2pp1p/8/5P2/P1P2N2/1P1PP1PP/RNBQKB1R b KQkq - 1 6Xr2qkbnr/pbpp2p1/np2pp1p/8/5P2/P1P2N2/1P1PP1PP/RNBQKB1R w KQkq - 2 7Xr2qkbnr/pbpp2p1/np2pp1p/8/P4P2/2P2N2/1P1PP1PP/RNBQKB1R b KQkq - 0 7Xr2qk1nr/pbpp2p1/np2pp1p/8/Pb3P2/2P2N2/1P1PP1PP/RNBQKB1R w KQkq - 1 8Xr2qk1nr/pbpp2p1/np2pp1p/8/Pb3P2/2P2N2/RP1PP1PP/1NBQKB1R b Kkq - 2 8Xr2qk1nr/p1pp2p1/np2pp1p/3b4/Pb3P2/2P2N2/RP1PP1PP/1NBQKB1R w Kkq - 3 9Xr2qk1nr/p1pp2p1/np2pp1p/3b4/Pb3P2/2P2N2/1P1PP1PP/RNBQKB1R b Kkq - 4 9Xr2q2nr/p1pp1kp1/np2pp1p/3b4/Pb3P2/2P2N2/1P1PP1PP/RNBQKB1R w K - 5 10Xr2q2nr/p1pp1kp1/np2pp1p/3b4/Pb3P2/N1P2N2/1P1PP1PP/R1BQKB1R b K - 6 10Xr2q2n1/p1pp1kpr/np2pp1p/3b4/Pb3P2/N1P2N2/1P1PP1PP/R1BQKB1R w K - 7 11Xr2q2n1/p1pp1kpr/np2pp1p/3b4/Pb3P2/NQP2N2/1P1PP1PP/R1B1KB1R b K - 8 11Xr5n1/p1ppqkpr/np2pp1p/3b4/Pb3P2/NQP2N2/1P1PP1PP/R1B1KB1R w K - 9 12Xr5n1/p1ppqkpr/np2pp1p/3b4/Pb1P1P2/NQP2N2/1P2P1PP/R1B1KB1R b K - 0 12Xr5n1/p1ppqkpr/n3pp1p/1p1b4/Pb1P1P2/NQP2N2/1P2P1PP/R1B1KB1R w K - 0 13Xr5n1/p1ppqkpr/n3pp1p/1p1b4/PQ1P1P2/N1P2N2/1P2P1PP/R1B1KB1R b K - 0 13Xr5n1/p2pqkpr/n3pp1p/1ppb4/PQ1P1P2/N1P2N2/1P2P1PP/R1B1KB1R w K - 0 14Xr5n1/p2pqkpr/n3pp1p/1ppb4/PQ1P1P2/N1P2N2/1P2P1PP/R1B1KBR1 b - - 1 14Xr4qn1/p2p1kpr/n3pp1p/1ppb4/PQ1P1P2/N1P2N2/1P2P1PP/R1B1KBR1 w - - 2 15Xr4qn1/p2p1kpr/n3pp1p/1ppb4/PQ1P1P1N/N1P5/1P2P1PP/R1B1KBR1 b - - 3 15Xr4q2/p2pnkpr/n3pp1p/1ppb4/PQ1P1P1N/N1P5/1P2P1PP/R1B1KBR1 w - - 4 16Xr4q2/p2pnkpr/n3ppNp/1ppb4/PQ1P1P2/N1P5/1P2P1PP/R1B1KBR1 b - - 5 16Xr6q/p2pnkpr/n3ppNp/1ppb4/PQ1P1P2/N1P5/1P2P1PP/R1B1KBR1 w - - 6 17Xr6N/p2pnkpr/n3pp1p/1ppb4/PQ1P1P2/N1P5/1P2P1PP/R1B1KBR1 b - - 0 17Xr5kN/p2pn1pr/n3pp1p/1ppb4/PQ1P1P2/N1P5/1P2P1PP/R1B1KBR1 w - - 1 18Xr5k1/p2pnNpr/n3pp1p/1ppb4/PQ1P1P2/N1P5/1P2P1PP/R1B1KBR1 b - - 2 18Xr4k2/p2pnNpr/n3pp1p/1ppb4/PQ1P1P2/N1P5/1P2P1PP/R1B1KBR1 w - - 3 19Xr4k1N/p2pn1pr/n3pp1p/1ppb4/PQ1P1P2/N1P5/1P2P1PP/R1B1KBR1 b - - 4 19Xr5kN/p2pn1pr/n3pp1p/1ppb4/PQ1P1P2/N1P5/1P2P1PP/R1B1KBR1 w - - 5 20Xr5k1/p2pnNpr/n3pp1p/1ppb4/PQ1P1P2/N1P5/1P2P1PP/R1B1KBR1 b - - 6 20Xr4k2/p2pnNpr/n3pp1p/1ppb4/PQ1P1P2/N1P5/1P2P1PP/R1B1KBR1 w - - 7 21Xr4k1N/p2pn1pr/n3pp1p/1ppb4/PQ1P1P2/N1P5/1P2P1PP/R1B1KBR1 b - - 8 21Xr5kN/p2pn1pr/n3pp1p/1ppb4/PQ1P1P2/N1P5/1P2P1PP/R1B1KBR1 w - - 9 22Xr5k1/p2pnNpr/n3pp1p/1ppb4/PQ1P1P2/N1P5/1P2P1PP/R1B1KBR1 b - - 10 22Xr4k2/p2pnNpr/n3pp1p/1ppb4/PQ1P1P2/N1P5/1P2P1PP/R1B1KBR1 w - - 11 23Xr4k1N/p2pn1pr/n3pp1p/1ppb4/PQ1P1P2/N1P5/1P2P1PP/R1B1KBR1 b - - 12 23Xr5kN/p2pn1pr/n3pp1p/1ppb4/PQ1P1P2/N1P5/1P2P1PP/R1B1KBR1 w - - 13 24Xr5k1/p2pnNpr/n3pp1p/1ppb4/PQ1P1P2/N1P5/1P2P1PP/R1B1KBR1 b - - 14 24Xr4k2/p2pnNpr/n3pp1p/1ppb4/PQ1P1P2/N1P5/1P2P1PP/R1B1KBR1 w - - 15 25Xr4k1N/p2pn1pr/n3pp1p/1ppb4/PQ1P1P2/N1P5/1P2P1PP/R1B1KBR1 b - - 16 25
bot_vs_bot_interno,Hatchet1,Hatchet1,white,0,TRUE,400,FALSE,FALSE,61,Nc3Xc6Xh4Xb6Xf4Xb5XRb1XNh6XRh3Xb4XRg3XNg8Xa4Xh5XRg6Xe5Xa5Xe4XRg3XNe7XRa1Xb3XRa3XBb7Xcxb3XNc8XKf2XNd6XRa2XRg8XRxg7XRh8XRg8XRxg8XNd5XRh8XNe7XRg8XNxg8XBg7XNe7XKf8XNg8XKxg8XKg3XKh8XKh3XKg8XKg3XKh8XKh3XKg8XKg3XKh8XKh3XKg8XKg3XKh8XKh3XKg8XKg3,0.193924188613892,rn1q2k1/pb1p1pb1/2pn4/P6p/4pP1P/1P4K1/RP1PP1P1/2BQ1BN1 b - - 17 31,rnbqkbnr/pppppppp/8/8/8/8/PPPPPPPP/RNBQKBNR w KQkq - 0 1Xrnbqkbnr/pppppppp/8/8/8/2N5/PPPPPPPP/R1BQKBNR b KQkq - 1 1Xrnbqkbnr/pp1ppppp/2p5/8/8/2N5/PPPPPPPP/R1BQKBNR w KQkq - 0 2Xrnbqkbnr/pp1ppppp/2p5/8/7P/2N5/PPPPPPP1/R1BQKBNR b KQkq - 0 2Xrnbqkbnr/p2ppppp/1pp5/8/7P/2N5/PPPPPPP1/R1BQKBNR w KQkq - 0 3Xrnbqkbnr/p2ppppp/1pp5/8/5P1P/2N5/PPPPP1P1/R1BQKBNR b KQkq - 0 3Xrnbqkbnr/p2ppppp/2p5/1p6/5P1P/2N5/PPPPP1P1/R1BQKBNR w KQkq - 0 4Xrnbqkbnr/p2ppppp/2p5/1p6/5P1P/2N5/PPPPP1P1/1RBQKBNR b Kkq - 1 4Xrnbqkb1r/p2ppppp/2p4n/1p6/5P1P/2N5/PPPPP1P1/1RBQKBNR w Kkq - 2 5Xrnbqkb1r/p2ppppp/2p4n/1p6/5P1P/2N4R/PPPPP1P1/1RBQKBN1 b kq - 3 5Xrnbqkb1r/p2ppppp/2p4n/8/1p3P1P/2N4R/PPPPP1P1/1RBQKBN1 w kq - 0 6Xrnbqkb1r/p2ppppp/2p4n/8/1p3P1P/2N3R1/PPPPP1P1/1RBQKBN1 b kq - 1 6Xrnbqkbnr/p2ppppp/2p5/8/1p3P1P/2N3R1/PPPPP1P1/1RBQKBN1 w kq - 2 7Xrnbqkbnr/p2ppppp/2p5/8/Pp3P1P/2N3R1/1PPPP1P1/1RBQKBN1 b kq a3 0 7Xrnbqkbnr/p2pppp1/2p5/7p/Pp3P1P/2N3R1/1PPPP1P1/1RBQKBN1 w kq - 0 8Xrnbqkbnr/p2pppp1/2p3R1/7p/Pp3P1P/2N5/1PPPP1P1/1RBQKBN1 b kq - 1 8Xrnbqkbnr/p2p1pp1/2p3R1/4p2p/Pp3P1P/2N5/1PPPP1P1/1RBQKBN1 w kq - 0 9Xrnbqkbnr/p2p1pp1/2p3R1/P3p2p/1p3P1P/2N5/1PPPP1P1/1RBQKBN1 b kq - 0 9Xrnbqkbnr/p2p1pp1/2p3R1/P6p/1p2pP1P/2N5/1PPPP1P1/1RBQKBN1 w kq - 0 10Xrnbqkbnr/p2p1pp1/2p5/P6p/1p2pP1P/2N3R1/1PPPP1P1/1RBQKBN1 b kq - 1 10Xrnbqkb1r/p2pnpp1/2p5/P6p/1p2pP1P/2N3R1/1PPPP1P1/1RBQKBN1 w kq - 2 11Xrnbqkb1r/p2pnpp1/2p5/P6p/1p2pP1P/2N3R1/1PPPP1P1/R1BQKBN1 b kq - 3 11Xrnbqkb1r/p2pnpp1/2p5/P6p/4pP1P/1pN3R1/1PPPP1P1/R1BQKBN1 w kq - 0 12Xrnbqkb1r/p2pnpp1/2p5/P6p/4pP1P/RpN3R1/1PPPP1P1/2BQKBN1 b kq - 1 12Xrn1qkb1r/pb1pnpp1/2p5/P6p/4pP1P/RpN3R1/1PPPP1P1/2BQKBN1 w kq - 2 13Xrn1qkb1r/pb1pnpp1/2p5/P6p/4pP1P/RPN3R1/1P1PP1P1/2BQKBN1 b kq - 0 13Xrnnqkb1r/pb1p1pp1/2p5/P6p/4pP1P/RPN3R1/1P1PP1P1/2BQKBN1 w kq - 1 14Xrnnqkb1r/pb1p1pp1/2p5/P6p/4pP1P/RPN3R1/1P1PPKP1/2BQ1BN1 b kq - 2 14Xrn1qkb1r/pb1p1pp1/2pn4/P6p/4pP1P/RPN3R1/1P1PPKP1/2BQ1BN1 w kq - 3 15Xrn1qkb1r/pb1p1pp1/2pn4/P6p/4pP1P/1PN3R1/RP1PPKP1/2BQ1BN1 b kq - 4 15Xrn1qkbr1/pb1p1pp1/2pn4/P6p/4pP1P/1PN3R1/RP1PPKP1/2BQ1BN1 w q - 5 16Xrn1qkbr1/pb1p1pR1/2pn4/P6p/4pP1P/1PN5/RP1PPKP1/2BQ1BN1 b q - 0 16Xrn1qkb1r/pb1p1pR1/2pn4/P6p/4pP1P/1PN5/RP1PPKP1/2BQ1BN1 w q - 1 17Xrn1qkbRr/pb1p1p2/2pn4/P6p/4pP1P/1PN5/RP1PPKP1/2BQ1BN1 b q - 2 17Xrn1qkbr1/pb1p1p2/2pn4/P6p/4pP1P/1PN5/RP1PPKP1/2BQ1BN1 w q - 0 18Xrn1qkbr1/pb1p1p2/2pn4/P2N3p/4pP1P/1P6/RP1PPKP1/2BQ1BN1 b q - 1 18Xrn1qkb1r/pb1p1p2/2pn4/P2N3p/4pP1P/1P6/RP1PPKP1/2BQ1BN1 w q - 2 19Xrn1qkb1r/pb1pNp2/2pn4/P6p/4pP1P/1P6/RP1PPKP1/2BQ1BN1 b q - 3 19Xrn1qkbr1/pb1pNp2/2pn4/P6p/4pP1P/1P6/RP1PPKP1/2BQ1BN1 w q - 4 20Xrn1qkbN1/pb1p1p2/2pn4/P6p/4pP1P/1P6/RP1PPKP1/2BQ1BN1 b q - 0 20Xrn1qk1N1/pb1p1pb1/2pn4/P6p/4pP1P/1P6/RP1PPKP1/2BQ1BN1 w q - 1 21Xrn1qk3/pb1pNpb1/2pn4/P6p/4pP1P/1P6/RP1PPKP1/2BQ1BN1 b q - 2 21Xrn1q1k2/pb1pNpb1/2pn4/P6p/4pP1P/1P6/RP1PPKP1/2BQ1BN1 w - - 3 22Xrn1q1kN1/pb1p1pb1/2pn4/P6p/4pP1P/1P6/RP1PPKP1/2BQ1BN1 b - - 4 22Xrn1q2k1/pb1p1pb1/2pn4/P6p/4pP1P/1P6/RP1PPKP1/2BQ1BN1 w - - 0 23Xrn1q2k1/pb1p1pb1/2pn4/P6p/4pP1P/1P4K1/RP1PP1P1/2BQ1BN1 b - - 1 23Xrn1q3k/pb1p1pb1/2pn4/P6p/4pP1P/1P4K1/RP1PP1P1/2BQ1BN1 w - - 2 24Xrn1q3k/pb1p1pb1/2pn4/P6p/4pP1P/1P5K/RP1PP1P1/2BQ1BN1 b - - 3 24Xrn1q2k1/pb1p1pb1/2pn4/P6p/4pP1P/1P5K/RP1PP1P1/2BQ1BN1 w - - 4 25Xrn1q2k1/pb1p1pb1/2pn4/P6p/4pP1P/1P4K1/RP1PP1P1/2BQ1BN1 b - - 5 25Xrn1q3k/pb1p1pb1/2pn4/P6p/4pP1P/1P4K1/RP1PP1P1/2BQ1BN1 w - - 6 26Xrn1q3k/pb1p1pb1/2pn4/P6p/4pP1P/1P5K/RP1PP1P1/2BQ1BN1 b - - 7 26Xrn1q2k1/pb1p1pb1/2pn4/P6p/4pP1P/1P5K/RP1PP1P1/2BQ1BN1 w - - 8 27Xrn1q2k1/pb1p1pb1/2pn4/P6p/4pP1P/1P4K1/RP1PP1P1/2BQ1BN1 b - - 9 27Xrn1q3k/pb1p1pb1/2pn4/P6p/4pP1P/1P4K1/RP1PP1P1/2BQ1BN1 w - - 10 28Xrn1q3k/pb1p1pb1/2pn4/P6p/4pP1P/1P5K/RP1PP1P1/2BQ1BN1 b - - 11 28Xrn1q2k1/pb1p1pb1/2pn4/P6p/4pP1P/1P5K/RP1PP1P1/2BQ1BN1 w - - 12 29Xrn1q2k1/pb1p1pb1/2pn4/P6p/4pP1P/1P4K1/RP1PP1P1/2BQ1BN1 b - - 13 29Xrn1q3k/pb1p1pb1/2pn4/P6p/4pP1P/1P4K1/RP1PP1P1/2BQ1BN1 w - - 14 30Xrn1q3k/pb1p1pb1/2pn4/P6p/4pP1P/1P5K/RP1PP1P1/2BQ1BN1 b - - 15 30Xrn1q2k1/pb1p1pb1/2pn4/P6p/4pP1P/1P5K/RP1PP1P1/2BQ1BN1 w - - 16 31
bot_vs_bot_interno,Hatchet1,Hatchet1,white,0,TRUE,400,FALSE,FALSE,53,d3Xb6Xd4XNh6XBf4Xa6Xe4XNc6XQd2XRa7Xf3Xd5Xb3XNb4XQd3Xc6XBd2Xe6XKe2Xg5XBxb4Xa5XBa3XBc5Xg4XBb4Xc3XBf8XQd1XRg8XBxf8XRh8XBg7XRg8XBh8XRxh8XKe3XRg8XKd3XRh8XKe3XRg8XKd3XRh8XKe3XRg8XKd3XRh8XKe3XRg8XKd3XRh8XKe3,0.197466135025024,2bqk2r/r4p1p/1pp1p2n/p2p2p1/3PP1P1/1PP1KP2/P6P/RN1Q1BNR b - - 17 27,rnbqkbnr/pppppppp/8/8/8/8/PPPPPPPP/RNBQKBNR w KQkq - 0 1Xrnbqkbnr/pppppppp/8/8/8/3P4/PPP1PPPP/RNBQKBNR b KQkq - 0 1Xrnbqkbnr/p1pppppp/1p6/8/8/3P4/PPP1PPPP/RNBQKBNR w KQkq - 0 2Xrnbqkbnr/p1pppppp/1p6/8/3P4/8/PPP1PPPP/RNBQKBNR b KQkq - 0 2Xrnbqkb1r/p1pppppp/1p5n/8/3P4/8/PPP1PPPP/RNBQKBNR w KQkq - 1 3Xrnbqkb1r/p1pppppp/1p5n/8/3P1B2/8/PPP1PPPP/RN1QKBNR b KQkq - 2 3Xrnbqkb1r/2pppppp/pp5n/8/3P1B2/8/PPP1PPPP/RN1QKBNR w KQkq - 0 4Xrnbqkb1r/2pppppp/pp5n/8/3PPB2/8/PPP2PPP/RN1QKBNR b KQkq - 0 4Xr1bqkb1r/2pppppp/ppn4n/8/3PPB2/8/PPP2PPP/RN1QKBNR w KQkq - 1 5Xr1bqkb1r/2pppppp/ppn4n/8/3PPB2/8/PPPQ1PPP/RN2KBNR b KQkq - 2 5X2bqkb1r/r1pppppp/ppn4n/8/3PPB2/8/PPPQ1PPP/RN2KBNR w KQk - 3 6X2bqkb1r/r1pppppp/ppn4n/8/3PPB2/5P2/PPPQ2PP/RN2KBNR b KQk - 0 6X2bqkb1r/r1p1pppp/ppn4n/3p4/3PPB2/5P2/PPPQ2PP/RN2KBNR w KQk - 0 7X2bqkb1r/r1p1pppp/ppn4n/3p4/3PPB2/1P3P2/P1PQ2PP/RN2KBNR b KQk - 0 7X2bqkb1r/r1p1pppp/pp5n/3p4/1n1PPB2/1P3P2/P1PQ2PP/RN2KBNR w KQk - 1 8X2bqkb1r/r1p1pppp/pp5n/3p4/1n1PPB2/1P1Q1P2/P1P3PP/RN2KBNR b KQk - 2 8X2bqkb1r/r3pppp/ppp4n/3p4/1n1PPB2/1P1Q1P2/P1P3PP/RN2KBNR w KQk - 0 9X2bqkb1r/r3pppp/ppp4n/3p4/1n1PP3/1P1Q1P2/P1PB2PP/RN2KBNR b KQk - 1 9X2bqkb1r/r4ppp/ppp1p2n/3p4/1n1PP3/1P1Q1P2/P1PB2PP/RN2KBNR w KQk - 0 10X2bqkb1r/r4ppp/ppp1p2n/3p4/1n1PP3/1P1Q1P2/P1PBK1PP/RN3BNR b k - 1 10X2bqkb1r/r4p1p/ppp1p2n/3p2p1/1n1PP3/1P1Q1P2/P1PBK1PP/RN3BNR w k - 0 11X2bqkb1r/r4p1p/ppp1p2n/3p2p1/1B1PP3/1P1Q1P2/P1P1K1PP/RN3BNR b k - 0 11X2bqkb1r/r4p1p/1pp1p2n/p2p2p1/1B1PP3/1P1Q1P2/P1P1K1PP/RN3BNR w k - 0 12X2bqkb1r/r4p1p/1pp1p2n/p2p2p1/3PP3/BP1Q1P2/P1P1K1PP/RN3BNR b k - 1 12X2bqk2r/r4p1p/1pp1p2n/p1bp2p1/3PP3/BP1Q1P2/P1P1K1PP/RN3BNR w k - 2 13X2bqk2r/r4p1p/1pp1p2n/p1bp2p1/3PP1P1/BP1Q1P2/P1P1K2P/RN3BNR b k - 0 13X2bqk2r/r4p1p/1pp1p2n/p2p2p1/1b1PP1P1/BP1Q1P2/P1P1K2P/RN3BNR w k - 1 14X2bqk2r/r4p1p/1pp1p2n/p2p2p1/1b1PP1P1/BPPQ1P2/P3K2P/RN3BNR b k - 0 14X2bqkb1r/r4p1p/1pp1p2n/p2p2p1/3PP1P1/BPPQ1P2/P3K2P/RN3BNR w k - 1 15X2bqkb1r/r4p1p/1pp1p2n/p2p2p1/3PP1P1/BPP2P2/P3K2P/RN1Q1BNR b k - 2 15X2bqkbr1/r4p1p/1pp1p2n/p2p2p1/3PP1P1/BPP2P2/P3K2P/RN1Q1BNR w - - 3 16X2bqkBr1/r4p1p/1pp1p2n/p2p2p1/3PP1P1/1PP2P2/P3K2P/RN1Q1BNR b - - 0 16X2bqkB1r/r4p1p/1pp1p2n/p2p2p1/3PP1P1/1PP2P2/P3K2P/RN1Q1BNR w - - 1 17X2bqk2r/r4pBp/1pp1p2n/p2p2p1/3PP1P1/1PP2P2/P3K2P/RN1Q1BNR b - - 2 17X2bqk1r1/r4pBp/1pp1p2n/p2p2p1/3PP1P1/1PP2P2/P3K2P/RN1Q1BNR w - - 3 18X2bqk1rB/r4p1p/1pp1p2n/p2p2p1/3PP1P1/1PP2P2/P3K2P/RN1Q1BNR b - - 4 18X2bqk2r/r4p1p/1pp1p2n/p2p2p1/3PP1P1/1PP2P2/P3K2P/RN1Q1BNR w - - 0 19X2bqk2r/r4p1p/1pp1p2n/p2p2p1/3PP1P1/1PP1KP2/P6P/RN1Q1BNR b - - 1 19X2bqk1r1/r4p1p/1pp1p2n/p2p2p1/3PP1P1/1PP1KP2/P6P/RN1Q1BNR w - - 2 20X2bqk1r1/r4p1p/1pp1p2n/p2p2p1/3PP1P1/1PPK1P2/P6P/RN1Q1BNR b - - 3 20X2bqk2r/r4p1p/1pp1p2n/p2p2p1/3PP1P1/1PPK1P2/P6P/RN1Q1BNR w - - 4 21X2bqk2r/r4p1p/1pp1p2n/p2p2p1/3PP1P1/1PP1KP2/P6P/RN1Q1BNR b - - 5 21X2bqk1r1/r4p1p/1pp1p2n/p2p2p1/3PP1P1/1PP1KP2/P6P/RN1Q1BNR w - - 6 22X2bqk1r1/r4p1p/1pp1p2n/p2p2p1/3PP1P1/1PPK1P2/P6P/RN1Q1BNR b - - 7 22X2bqk2r/r4p1p/1pp1p2n/p2p2p1/3PP1P1/1PPK1P2/P6P/RN1Q1BNR w - - 8 23X2bqk2r/r4p1p/1pp1p2n/p2p2p1/3PP1P1/1PP1KP2/P6P/RN1Q1BNR b - - 9 23X2bqk1r1/r4p1p/1pp1p2n/p2p2p1/3PP1P1/1PP1KP2/P6P/RN1Q1BNR w - - 10 24X2bqk1r1/r4p1p/1pp1p2n/p2p2p1/3PP1P1/1PPK1P2/P6P/RN1Q1BNR b - - 11 24X2bqk2r/r4p1p/1pp1p2n/p2p2p1/3PP1P1/1PPK1P2/P6P/RN1Q1BNR w - - 12 25X2bqk2r/r4p1p/1pp1p2n/p2p2p1/3PP1P1/1PP1KP2/P6P/RN1Q1BNR b - - 13 25X2bqk1r1/r4p1p/1pp1p2n/p2p2p1/3PP1P1/1PP1KP2/P6P/RN1Q1BNR w - - 14 26X2bqk1r1/r4p1p/1pp1p2n/p2p2p1/3PP1P1/1PPK1P2/P6P/RN1Q1BNR b - - 15 26X2bqk2r/r4p1p/1pp1p2n/p2p2p1/3PP1P1/1PPK1P2/P6P/RN1Q1BNR w - - 16 27
bot_vs_bot_interno,Hatchet1,Hatchet1,white,0,TRUE,400,FALSE,FALSE,61,c4Xc5XQc2Xg5Xe4XNh6Xb4XQa5XNe2XQb5Xa4XQxa4Xh4XBg7Xh5XBf6XNa3XKf8XQxa4XBc3XQb5XBd4XRh3Xb6XNc2XNf5XRd3XBg7XRda3XRg8XQxd7XRh8XQe8+XKxe8XRxa7XRg8XRxa8XRh8XRxb8XRg8XRxc8+XKd7XRxg8XBh8XRxh8XKc7XRg8XKd7XRh8XKc7XRg8XKd7XRh8XKc7XRg8XKd7XRh8XKc7XRg8XKd7XRh8,0.198457956314087,7R/3kpp1p/1p6/2p2npP/1PP1P3/8/2NPNPP1/R1B1KB2 b Q - 16 31,rnbqkbnr/pppppppp/8/8/8/8/PPPPPPPP/RNBQKBNR w KQkq - 0 1Xrnbqkbnr/pppppppp/8/8/2P5/8/PP1PPPPP/RNBQKBNR b KQkq - 0 1Xrnbqkbnr/pp1ppppp/8/2p5/2P5/8/PP1PPPPP/RNBQKBNR w KQkq - 0 2Xrnbqkbnr/pp1ppppp/8/2p5/2P5/8/PPQPPPPP/RNB1KBNR b KQkq - 1 2Xrnbqkbnr/pp1ppp1p/8/2p3p1/2P5/8/PPQPPPPP/RNB1KBNR w KQkq - 0 3Xrnbqkbnr/pp1ppp1p/8/2p3p1/2P1P3/8/PPQP1PPP/RNB1KBNR b KQkq - 0 3Xrnbqkb1r/pp1ppp1p/7n/2p3p1/2P1P3/8/PPQP1PPP/RNB1KBNR w KQkq - 1 4Xrnbqkb1r/pp1ppp1p/7n/2p3p1/1PP1P3/8/P1QP1PPP/RNB1KBNR b KQkq - 0 4Xrnb1kb1r/pp1ppp1p/7n/q1p3p1/1PP1P3/8/P1QP1PPP/RNB1KBNR w KQkq - 1 5Xrnb1kb1r/pp1ppp1p/7n/q1p3p1/1PP1P3/8/P1QPNPPP/RNB1KB1R b KQkq - 2 5Xrnb1kb1r/pp1ppp1p/7n/1qp3p1/1PP1P3/8/P1QPNPPP/RNB1KB1R w KQkq - 3 6Xrnb1kb1r/pp1ppp1p/7n/1qp3p1/PPP1P3/8/2QPNPPP/RNB1KB1R b KQkq - 0 6Xrnb1kb1r/pp1ppp1p/7n/2p3p1/qPP1P3/8/2QPNPPP/RNB1KB1R w KQkq - 0 7Xrnb1kb1r/pp1ppp1p/7n/2p3p1/qPP1P2P/8/2QPNPP1/RNB1KB1R b KQkq - 0 7Xrnb1k2r/pp1pppbp/7n/2p3p1/qPP1P2P/8/2QPNPP1/RNB1KB1R w KQkq - 1 8Xrnb1k2r/pp1pppbp/7n/2p3pP/qPP1P3/8/2QPNPP1/RNB1KB1R b KQkq - 0 8Xrnb1k2r/pp1ppp1p/5b1n/2p3pP/qPP1P3/8/2QPNPP1/RNB1KB1R w KQkq - 1 9Xrnb1k2r/pp1ppp1p/5b1n/2p3pP/qPP1P3/N7/2QPNPP1/R1B1KB1R b KQkq - 2 9Xrnb2k1r/pp1ppp1p/5b1n/2p3pP/qPP1P3/N7/2QPNPP1/R1B1KB1R w KQ - 3 10Xrnb2k1r/pp1ppp1p/5b1n/2p3pP/QPP1P3/N7/3PNPP1/R1B1KB1R b KQ - 0 10Xrnb2k1r/pp1ppp1p/7n/2p3pP/QPP1P3/N1b5/3PNPP1/R1B1KB1R w KQ - 1 11Xrnb2k1r/pp1ppp1p/7n/1Qp3pP/1PP1P3/N1b5/3PNPP1/R1B1KB1R b KQ - 2 11Xrnb2k1r/pp1ppp1p/7n/1Qp3pP/1PPbP3/N7/3PNPP1/R1B1KB1R w KQ - 3 12Xrnb2k1r/pp1ppp1p/7n/1Qp3pP/1PPbP3/N6R/3PNPP1/R1B1KB2 b Q - 4 12Xrnb2k1r/p2ppp1p/1p5n/1Qp3pP/1PPbP3/N6R/3PNPP1/R1B1KB2 w Q - 0 13Xrnb2k1r/p2ppp1p/1p5n/1Qp3pP/1PPbP3/7R/2NPNPP1/R1B1KB2 b Q - 1 13Xrnb2k1r/p2ppp1p/1p6/1Qp2npP/1PPbP3/7R/2NPNPP1/R1B1KB2 w Q - 2 14Xrnb2k1r/p2ppp1p/1p6/1Qp2npP/1PPbP3/3R4/2NPNPP1/R1B1KB2 b Q - 3 14Xrnb2k1r/p2pppbp/1p6/1Qp2npP/1PP1P3/3R4/2NPNPP1/R1B1KB2 w Q - 4 15Xrnb2k1r/p2pppbp/1p6/1Qp2npP/1PP1P3/R7/2NPNPP1/R1B1KB2 b Q - 5 15Xrnb2kr1/p2pppbp/1p6/1Qp2npP/1PP1P3/R7/2NPNPP1/R1B1KB2 w Q - 6 16Xrnb2kr1/p2Qppbp/1p6/2p2npP/1PP1P3/R7/2NPNPP1/R1B1KB2 b Q - 0 16Xrnb2k1r/p2Qppbp/1p6/2p2npP/1PP1P3/R7/2NPNPP1/R1B1KB2 w Q - 1 17Xrnb1Qk1r/p3ppbp/1p6/2p2npP/1PP1P3/R7/2NPNPP1/R1B1KB2 b Q - 2 17Xrnb1k2r/p3ppbp/1p6/2p2npP/1PP1P3/R7/2NPNPP1/R1B1KB2 w Q - 0 18Xrnb1k2r/R3ppbp/1p6/2p2npP/1PP1P3/8/2NPNPP1/R1B1KB2 b Q - 0 18Xrnb1k1r1/R3ppbp/1p6/2p2npP/1PP1P3/8/2NPNPP1/R1B1KB2 w Q - 1 19XRnb1k1r1/4ppbp/1p6/2p2npP/1PP1P3/8/2NPNPP1/R1B1KB2 b Q - 0 19XRnb1k2r/4ppbp/1p6/2p2npP/1PP1P3/8/2NPNPP1/R1B1KB2 w Q - 1 20X1Rb1k2r/4ppbp/1p6/2p2npP/1PP1P3/8/2NPNPP1/R1B1KB2 b Q - 0 20X1Rb1k1r1/4ppbp/1p6/2p2npP/1PP1P3/8/2NPNPP1/R1B1KB2 w Q - 1 21X2R1k1r1/4ppbp/1p6/2p2npP/1PP1P3/8/2NPNPP1/R1B1KB2 b Q - 0 21X2R3r1/3kppbp/1p6/2p2npP/1PP1P3/8/2NPNPP1/R1B1KB2 w Q - 1 22X6R1/3kppbp/1p6/2p2npP/1PP1P3/8/2NPNPP1/R1B1KB2 b Q - 0 22X6Rb/3kpp1p/1p6/2p2npP/1PP1P3/8/2NPNPP1/R1B1KB2 w Q - 1 23X7R/3kpp1p/1p6/2p2npP/1PP1P3/8/2NPNPP1/R1B1KB2 b Q - 0 23X7R/2k1pp1p/1p6/2p2npP/1PP1P3/8/2NPNPP1/R1B1KB2 w Q - 1 24X6R1/2k1pp1p/1p6/2p2npP/1PP1P3/8/2NPNPP1/R1B1KB2 b Q - 2 24X6R1/3kpp1p/1p6/2p2npP/1PP1P3/8/2NPNPP1/R1B1KB2 w Q - 3 25X7R/3kpp1p/1p6/2p2npP/1PP1P3/8/2NPNPP1/R1B1KB2 b Q - 4 25X7R/2k1pp1p/1p6/2p2npP/1PP1P3/8/2NPNPP1/R1B1KB2 w Q - 5 26X6R1/2k1pp1p/1p6/2p2npP/1PP1P3/8/2NPNPP1/R1B1KB2 b Q - 6 26X6R1/3kpp1p/1p6/2p2npP/1PP1P3/8/2NPNPP1/R1B1KB2 w Q - 7 27X7R/3kpp1p/1p6/2p2npP/1PP1P3/8/2NPNPP1/R1B1KB2 b Q - 8 27X7R/2k1pp1p/1p6/2p2npP/1PP1P3/8/2NPNPP1/R1B1KB2 w Q - 9 28X6R1/2k1pp1p/1p6/2p2npP/1PP1P3/8/2NPNPP1/R1B1KB2 b Q - 10 28X6R1/3kpp1p/1p6/2p2npP/1PP1P3/8/2NPNPP1/R1B1KB2 w Q - 11 29X7R/3kpp1p/1p6/2p2npP/1PP1P3/8/2NPNPP1/R1B1KB2 b Q - 12 29X7R/2k1pp1p/1p6/2p2npP/1PP1P3/8/2NPNPP1/R1B1KB2 w Q - 13 30X6R1/2k1pp1p/1p6/2p2npP/1PP1P3/8/2NPNPP1/R1B1KB2 b Q - 14 30X6R1/3kpp1p/1p6/2p2npP/1PP1P3/8/2NPNPP1/R1B1KB2 w Q - 15 31
bot_vs_bot_interno,Hatchet1,Hatchet1,white,0,TRUE,400,FALSE,FALSE,50,f4Xf6Xa3XNa6XNh3Xh6Xc3Xb6XNg1Xe6XNf3XBb7Xa4XBb4XRa2XBd5XRa1XKf7XNa3XRh7XQb3XQe7Xd4Xb5XQxb4Xc5XRg1XQf8XNh4XNe7XNg6XQh8XNxh8+XKg8XNf7XKf8XNh8XKg8XNf7XKf8XNh8XKg8XNf7XKf8XNh8XKg8XNf7XKf8XNh8XKg8,0.125257849693298,r5kN/p2pn1pr/n3pp1p/1ppb4/PQ1P1P2/N1P5/1P2P1PP/R1B1KBR1 w - - 17 26,rnbqkbnr/pppppppp/8/8/8/8/PPPPPPPP/RNBQKBNR w KQkq - 0 1Xrnbqkbnr/pppppppp/8/8/5P2/8/PPPPP1PP/RNBQKBNR b KQkq - 0 1Xrnbqkbnr/ppppp1pp/5p2/8/5P2/8/PPPPP1PP/RNBQKBNR w KQkq - 0 2Xrnbqkbnr/ppppp1pp/5p2/8/5P2/P7/1PPPP1PP/RNBQKBNR b KQkq - 0 2Xr1bqkbnr/ppppp1pp/n4p2/8/5P2/P7/1PPPP1PP/RNBQKBNR w KQkq - 1 3Xr1bqkbnr/ppppp1pp/n4p2/8/5P2/P6N/1PPPP1PP/RNBQKB1R b KQkq - 2 3Xr1bqkbnr/ppppp1p1/n4p1p/8/5P2/P6N/1PPPP1PP/RNBQKB1R w KQkq - 0 4Xr1bqkbnr/ppppp1p1/n4p1p/8/5P2/P1P4N/1P1PP1PP/RNBQKB1R b KQkq - 0 4Xr1bqkbnr/p1ppp1p1/np3p1p/8/5P2/P1P4N/1P1PP1PP/RNBQKB1R w KQkq - 0 5Xr1bqkbnr/p1ppp1p1/np3p1p/8/5P2/P1P5/1P1PP1PP/RNBQKBNR b KQkq - 1 5Xr1bqkbnr/p1pp2p1/np2pp1p/8/5P2/P1P5/1P1PP1PP/RNBQKBNR w KQkq - 0 6Xr1bqkbnr/p1pp2p1/np2pp1p/8/5P2/P1P2N2/1P1PP1PP/RNBQKB1R b KQkq - 1 6Xr2qkbnr/pbpp2p1/np2pp1p/8/5P2/P1P2N2/1P1PP1PP/RNBQKB1R w KQkq - 2 7Xr2qkbnr/pbpp2p1/np2pp1p/8/P4P2/2P2N2/1P1PP1PP/RNBQKB1R b KQkq - 0 7Xr2qk1nr/pbpp2p1/np2pp1p/8/Pb3P2/2P2N2/1P1PP1PP/RNBQKB1R w KQkq - 1 8Xr2qk1nr/pbpp2p1/np2pp1p/8/Pb3P2/2P2N2/RP1PP1PP/1NBQKB1R b Kkq - 2 8Xr2qk1nr/p1pp2p1/np2pp1p/3b4/Pb3P2/2P2N2/RP1PP1PP/1NBQKB1R w Kkq - 3 9Xr2qk1nr/p1pp2p1/np2pp1p/3b4/Pb3P2/2P2N2/1P1PP1PP/RNBQKB1R b Kkq - 4 9Xr2q2nr/p1pp1kp1/np2pp1p/3b4/Pb3P2/2P2N2/1P1PP1PP/RNBQKB1R w K - 5 10Xr2q2nr/p1pp1kp1/np2pp1p/3b4/Pb3P2/N1P2N2/1P1PP1PP/R1BQKB1R b K - 6 10Xr2q2n1/p1pp1kpr/np2pp1p/3b4/Pb3P2/N1P2N2/1P1PP1PP/R1BQKB1R w K - 7 11Xr2q2n1/p1pp1kpr/np2pp1p/3b4/Pb3P2/NQP2N2/1P1PP1PP/R1B1KB1R b K - 8 11Xr5n1/p1ppqkpr/np2pp1p/3b4/Pb3P2/NQP2N2/1P1PP1PP/R1B1KB1R w K - 9 12Xr5n1/p1ppqkpr/np2pp1p/3b4/Pb1P1P2/NQP2N2/1P2P1PP/R1B1KB1R b K - 0 12Xr5n1/p1ppqkpr/n3pp1p/1p1b4/Pb1P1P2/NQP2N2/1P2P1PP/R1B1KB1R w K - 0 13Xr5n1/p1ppqkpr/n3pp1p/1p1b4/PQ1P1P2/N1P2N2/1P2P1PP/R1B1KB1R b K - 0 13Xr5n1/p2pqkpr/n3pp1p/1ppb4/PQ1P1P2/N1P2N2/1P2P1PP/R1B1KB1R w K - 0 14Xr5n1/p2pqkpr/n3pp1p/1ppb4/PQ1P1P2/N1P2N2/1P2P1PP/R1B1KBR1 b - - 1 14Xr4qn1/p2p1kpr/n3pp1p/1ppb4/PQ1P1P2/N1P2N2/1P2P1PP/R1B1KBR1 w - - 2 15Xr4qn1/p2p1kpr/n3pp1p/1ppb4/PQ1P1P1N/N1P5/1P2P1PP/R1B1KBR1 b - - 3 15Xr4q2/p2pnkpr/n3pp1p/1ppb4/PQ1P1P1N/N1P5/1P2P1PP/R1B1KBR1 w - - 4 16Xr4q2/p2pnkpr/n3ppNp/1ppb4/PQ1P1P2/N1P5/1P2P1PP/R1B1KBR1 b - - 5 16Xr6q/p2pnkpr/n3ppNp/1ppb4/PQ1P1P2/N1P5/1P2P1PP/R1B1KBR1 w - - 6 17Xr6N/p2pnkpr/n3pp1p/1ppb4/PQ1P1P2/N1P5/1P2P1PP/R1B1KBR1 b - - 0 17Xr5kN/p2pn1pr/n3pp1p/1ppb4/PQ1P1P2/N1P5/1P2P1PP/R1B1KBR1 w - - 1 18Xr5k1/p2pnNpr/n3pp1p/1ppb4/PQ1P1P2/N1P5/1P2P1PP/R1B1KBR1 b - - 2 18Xr4k2/p2pnNpr/n3pp1p/1ppb4/PQ1P1P2/N1P5/1P2P1PP/R1B1KBR1 w - - 3 19Xr4k1N/p2pn1pr/n3pp1p/1ppb4/PQ1P1P2/N1P5/1P2P1PP/R1B1KBR1 b - - 4 19Xr5kN/p2pn1pr/n3pp1p/1ppb4/PQ1P1P2/N1P5/1P2P1PP/R1B1KBR1 w - - 5 20Xr5k1/p2pnNpr/n3pp1p/1ppb4/PQ1P1P2/N1P5/1P2P1PP/R1B1KBR1 b - - 6 20Xr4k2/p2pnNpr/n3pp1p/1ppb4/PQ1P1P2/N1P5/1P2P1PP/R1B1KBR1 w - - 7 21Xr4k1N/p2pn1pr/n3pp1p/1ppb4/PQ1P1P2/N1P5/1P2P1PP/R1B1KBR1 b - - 8 21Xr5kN/p2pn1pr/n3pp1p/1ppb4/PQ1P1P2/N1P5/1P2P1PP/R1B1KBR1 w - - 9 22Xr5k1/p2pnNpr/n3pp1p/1ppb4/PQ1P1P2/N1P5/1P2P1PP/R1B1KBR1 b - - 10 22Xr4k2/p2pnNpr/n3pp1p/1ppb4/PQ1P1P2/N1P5/1P2P1PP/R1B1KBR1 w - - 11 23Xr4k1N/p2pn1pr/n3pp1p/1ppb4/PQ1P1P2/N1P5/1P2P1PP/R1B1KBR1 b - - 12 23Xr5kN/p2pn1pr/n3pp1p/1ppb4/PQ1P1P2/N1P5/1P2P1PP/R1B1KBR1 w - - 13 24Xr5k1/p2pnNpr/n3pp1p/1ppb4/PQ1P1P2/N1P5/1P2P1PP/R1B1KBR1 b - - 14 24Xr4k2/p2pnNpr/n3pp1p/1ppb4/PQ1P1P2/N1P5/1P2P1PP/R1B1KBR1 w - - 15 25Xr4k1N/p2pn1pr/n3pp1p/1ppb4/PQ1P1P2/N1P5/1P2P1PP/R1B1KBR1 b - - 16 25
bot_vs_bot_interno,Hatchet1,Hatchet1,white,0,TRUE,400,FALSE,FALSE,61,Nc3Xc6Xh4Xb6Xf4Xb5XRb1XNh6XRh3Xb4XRg3XNg8Xa4Xh5XRg6Xe5Xa5Xe4XRg3XNe7XRa1Xb3XRa3XBb7Xcxb3XNc8XKf2XNd6XRa2XRg8XRxg7XRh8XRg8XRxg8XNd5XRh8XNe7XRg8XNxg8XBg7XNe7XKf8XNg8XKxg8XKg3XKh8XKh3XKg8XKg3XKh8XKh3XKg8XKg3XKh8XKh3XKg8XKg3XKh8XKh3XKg8XKg3,0.193924188613892,rn1q2k1/pb1p1pb1/2pn4/P6p/4pP1P/1P4K1/RP1PP1P1/2BQ1BN1 b - - 17 31,rnbqkbnr/pppppppp/8/8/8/8/PPPPPPPP/RNBQKBNR w KQkq - 0 1Xrnbqkbnr/pppppppp/8/8/8/2N5/PPPPPPPP/R1BQKBNR b KQkq - 1 1Xrnbqkbnr/pp1ppppp/2p5/8/8/2N5/PPPPPPPP/R1BQKBNR w KQkq - 0 2Xrnbqkbnr/pp1ppppp/2p5/8/7P/2N5/PPPPPPP1/R1BQKBNR b KQkq - 0 2Xrnbqkbnr/p2ppppp/1pp5/8/7P/2N5/PPPPPPP1/R1BQKBNR w KQkq - 0 3Xrnbqkbnr/p2ppppp/1pp5/8/5P1P/2N5/PPPPP1P1/R1BQKBNR b KQkq - 0 3Xrnbqkbnr/p2ppppp/2p5/1p6/5P1P/2N5/PPPPP1P1/R1BQKBNR w KQkq - 0 4Xrnbqkbnr/p2ppppp/2p5/1p6/5P1P/2N5/PPPPP1P1/1RBQKBNR b Kkq - 1 4Xrnbqkb1r/p2ppppp/2p4n/1p6/5P1P/2N5/PPPPP1P1/1RBQKBNR w Kkq - 2 5Xrnbqkb1r/p2ppppp/2p4n/1p6/5P1P/2N4R/PPPPP1P1/1RBQKBN1 b kq - 3 5Xrnbqkb1r/p2ppppp/2p4n/8/1p3P1P/2N4R/PPPPP1P1/1RBQKBN1 w kq - 0 6Xrnbqkb1r/p2ppppp/2p4n/8/1p3P1P/2N3R1/PPPPP1P1/1RBQKBN1 b kq - 1 6Xrnbqkbnr/p2ppppp/2p5/8/1p3P1P/2N3R1/PPPPP1P1/1RBQKBN1 w kq - 2 7Xrnbqkbnr/p2ppppp/2p5/8/Pp3P1P/2N3R1/1PPPP1P1/1RBQKBN1 b kq a3 0 7Xrnbqkbnr/p2pppp1/2p5/7p/Pp3P1P/2N3R1/1PPPP1P1/1RBQKBN1 w kq - 0 8Xrnbqkbnr/p2pppp1/2p3R1/7p/Pp3P1P/2N5/1PPPP1P1/1RBQKBN1 b kq - 1 8Xrnbqkbnr/p2p1pp1/2p3R1/4p2p/Pp3P1P/2N5/1PPPP1P1/1RBQKBN1 w kq - 0 9Xrnbqkbnr/p2p1pp1/2p3R1/P3p2p/1p3P1P/2N5/1PPPP1P1/1RBQKBN1 b kq - 0 9Xrnbqkbnr/p2p1pp1/2p3R1/P6p/1p2pP1P/2N5/1PPPP1P1/1RBQKBN1 w kq - 0 10Xrnbqkbnr/p2p1pp1/2p5/P6p/1p2pP1P/2N3R1/1PPPP1P1/1RBQKBN1 b kq - 1 10Xrnbqkb1r/p2pnpp1/2p5/P6p/1p2pP1P/2N3R1/1PPPP1P1/1RBQKBN1 w kq - 2 11Xrnbqkb1r/p2pnpp1/2p5/P6p/1p2pP1P/2N3R1/1PPPP1P1/R1BQKBN1 b kq - 3 11Xrnbqkb1r/p2pnpp1/2p5/P6p/4pP1P/1pN3R1/1PPPP1P1/R1BQKBN1 w kq - 0 12Xrnbqkb1r/p2pnpp1/2p5/P6p/4pP1P/RpN3R1/1PPPP1P1/2BQKBN1 b kq - 1 12Xrn1qkb1r/pb1pnpp1/2p5/P6p/4pP1P/RpN3R1/1PPPP1P1/2BQKBN1 w kq - 2 13Xrn1qkb1r/pb1pnpp1/2p5/P6p/4pP1P/RPN3R1/1P1PP1P1/2BQKBN1 b kq - 0 13Xrnnqkb1r/pb1p1pp1/2p5/P6p/4pP1P/RPN3R1/1P1PP1P1/2BQKBN1 w kq - 1 14Xrnnqkb1r/pb1p1pp1/2p5/P6p/4pP1P/RPN3R1/1P1PPKP1/2BQ1BN1 b kq - 2 14Xrn1qkb1r/pb1p1pp1/2pn4/P6p/4pP1P/RPN3R1/1P1PPKP1/2BQ1BN1 w kq - 3 15Xrn1qkb1r/pb1p1pp1/2pn4/P6p/4pP1P/1PN3R1/RP1PPKP1/2BQ1BN1 b kq - 4 15Xrn1qkbr1/pb1p1pp1/2pn4/P6p/4pP1P/1PN3R1/RP1PPKP1/2BQ1BN1 w q - 5 16Xrn1qkbr1/pb1p1pR1/2pn4/P6p/4pP1P/1PN5/RP1PPKP1/2BQ1BN1 b q - 0 16Xrn1qkb1r/pb1p1pR1/2pn4/P6p/4pP1P/1PN5/RP1PPKP1/2BQ1BN1 w q - 1 17Xrn1qkbRr/pb1p1p2/2pn4/P6p/4pP1P/1PN5/RP1PPKP1/2BQ1BN1 b q - 2 17Xrn1qkbr1/pb1p1p2/2pn4/P6p/4pP1P/1PN5/RP1PPKP1/2BQ1BN1 w q - 0 18Xrn1qkbr1/pb1p1p2/2pn4/P2N3p/4pP1P/1P6/RP1PPKP1/2BQ1BN1 b q - 1 18Xrn1qkb1r/pb1p1p2/2pn4/P2N3p/4pP1P/1P6/RP1PPKP1/2BQ1BN1 w q - 2 19Xrn1qkb1r/pb1pNp2/2pn4/P6p/4pP1P/1P6/RP1PPKP1/2BQ1BN1 b q - 3 19Xrn1qkbr1/pb1pNp2/2pn4/P6p/4pP1P/1P6/RP1PPKP1/2BQ1BN1 w q - 4 20Xrn1qkbN1/pb1p1p2/2pn4/P6p/4pP1P/1P6/RP1PPKP1/2BQ1BN1 b q - 0 20Xrn1qk1N1/pb1p1pb1/2pn4/P6p/4pP1P/1P6/RP1PPKP1/2BQ1BN1 w q - 1 21Xrn1qk3/pb1pNpb1/2pn4/P6p/4pP1P/1P6/RP1PPKP1/2BQ1BN1 b q - 2 21Xrn1q1k2/pb1pNpb1/2pn4/P6p/4pP1P/1P6/RP1PPKP1/2BQ1BN1 w - - 3 22Xrn1q1kN1/pb1p1pb1/2pn4/P6p/4pP1P/1P6/RP1PPKP1/2BQ1BN1 b - - 4 22Xrn1q2k1/pb1p1pb1/2pn4/P6p/4pP1P/1P6/RP1PPKP1/2BQ1BN1 w - - 0 23Xrn1q2k1/pb1p1pb1/2pn4/P6p/4pP1P/1P4K1/RP1PP1P1/2BQ1BN1 b - - 1 23Xrn1q3k/pb1p1pb1/2pn4/P6p/4pP1P/1P4K1/RP1PP1P1/2BQ1BN1 w - - 2 24Xrn1q3k/pb1p1pb1/2pn4/P6p/4pP1P/1P5K/RP1PP1P1/2BQ1BN1 b - - 3 24Xrn1q2k1/pb1p1pb1/2pn4/P6p/4pP1P/1P5K/RP1PP1P1/2BQ1BN1 w - - 4 25Xrn1q2k1/pb1p1pb1/2pn4/P6p/4pP1P/1P4K1/RP1PP1P1/2BQ1BN1 b - - 5 25Xrn1q3k/pb1p1pb1/2pn4/P6p/4pP1P/1P4K1/RP1PP1P1/2BQ1BN1 w - - 6 26Xrn1q3k/pb1p1pb1/2pn4/P6p/4pP1P/1P5K/RP1PP1P1/2BQ1BN1 b - - 7 26Xrn1q2k1/pb1p1pb1/2pn4/P6p/4pP1P/1P5K/RP1PP1P1/2BQ1BN1 w - - 8 27Xrn1q2k1/pb1p1pb1/2pn4/P6p/4pP1P/1P4K1/RP1PP1P1/2BQ1BN1 b - - 9 27Xrn1q3k/pb1p1pb1/2pn4/P6p/4pP1P/1P4K1/RP1PP1P1/2BQ1BN1 w - - 10 28Xrn1q3k/pb1p1pb1/2pn4/P6p/4pP1P/1P5K/RP1PP1P1/2BQ1BN1 b - - 11 28Xrn1q2k1/pb1p1pb1/2pn4/P6p/4pP1P/1P5K/RP1PP1P1/2BQ1BN1 w - - 12 29Xrn1q2k1/pb1p1pb1/2pn4/P6p/4pP1P/1P4K1/RP1PP1P1/2BQ1BN1 b - - 13 29Xrn1q3k/pb1p1pb1/2pn4/P6p/4pP1P/1P4K1/RP1PP1P1/2BQ1BN1 w - - 14 30Xrn1q3k/pb1p1pb1/2pn4/P6p/4pP1P/1P5K/RP1PP1P1/2BQ1BN1 b - - 15 30Xrn1q2k1/pb1p1pb1/2pn4/P6p/4pP1P/1P5K/RP1PP1P1/2BQ1BN1 w - - 16 31
bot_vs_bot_interno,Hatchet1,Hatchet1,white,0,TRUE,400,FALSE,FALSE,53,d3Xb6Xd4XNh6XBf4Xa6Xe4XNc6XQd2XRa7Xf3Xd5Xb3XNb4XQd3Xc6XBd2Xe6XKe2Xg5XBxb4Xa5XBa3XBc5Xg4XBb4Xc3XBf8XQd1XRg8XBxf8XRh8XBg7XRg8XBh8XRxh8XKe3XRg8XKd3XRh8XKe3XRg8XKd3XRh8XKe3XRg8XKd3XRh8XKe3XRg8XKd3XRh8XKe3,0.197466135025024,2bqk2r/r4p1p/1pp1p2n/p2p2p1/3PP1P1/1PP1KP2/P6P/RN1Q1BNR b - - 17 27,rnbqkbnr/pppppppp/8/8/8/8/PPPPPPPP/RNBQKBNR w KQkq - 0 1Xrnbqkbnr/pppppppp/8/8/8/3P4/PPP1PPPP/RNBQKBNR b KQkq - 0 1Xrnbqkbnr/p1pppppp/1p6/8/8/3P4/PPP1PPPP/RNBQKBNR w KQkq - 0 2Xrnbqkbnr/p1pppppp/1p6/8/3P4/8/PPP1PPPP/RNBQKBNR b KQkq - 0 2Xrnbqkb1r/p1pppppp/1p5n/8/3P4/8/PPP1PPPP/RNBQKBNR w KQkq - 1 3Xrnbqkb1r/p1pppppp/1p5n/8/3P1B2/8/PPP1PPPP/RN1QKBNR b KQkq - 2 3Xrnbqkb1r/2pppppp/pp5n/8/3P1B2/8/PPP1PPPP/RN1QKBNR w KQkq - 0 4Xrnbqkb1r/2pppppp/pp5n/8/3PPB2/8/PPP2PPP/RN1QKBNR b KQkq - 0 4Xr1bqkb1r/2pppppp/ppn4n/8/3PPB2/8/PPP2PPP/RN1QKBNR w KQkq - 1 5Xr1bqkb1r/2pppppp/ppn4n/8/3PPB2/8/PPPQ1PPP/RN2KBNR b KQkq - 2 5X2bqkb1r/r1pppppp/ppn4n/8/3PPB2/8/PPPQ1PPP/RN2KBNR w KQk - 3 6X2bqkb1r/r1pppppp/ppn4n/8/3PPB2/5P2/PPPQ2PP/RN2KBNR b KQk - 0 6X2bqkb1r/r1p1pppp/ppn4n/3p4/3PPB2/5P2/PPPQ2PP/RN2KBNR w KQk - 0 7X2bqkb1r/r1p1pppp/ppn4n/3p4/3PPB2/1P3P2/P1PQ2PP/RN2KBNR b KQk - 0 7X2bqkb1r/r1p1pppp/pp5n/3p4/1n1PPB2/1P3P2/P1PQ2PP/RN2KBNR w KQk - 1 8X2bqkb1r/r1p1pppp/pp5n/3p4/1n1PPB2/1P1Q1P2/P1P3PP/RN2KBNR b KQk - 2 8X2bqkb1r/r3pppp/ppp4n/3p4/1n1PPB2/1P1Q1P2/P1P3PP/RN2KBNR w KQk - 0 9X2bqkb1r/r3pppp/ppp4n/3p4/1n1PP3/1P1Q1P2/P1PB2PP/RN2KBNR b KQk - 1 9X2bqkb1r/r4ppp/ppp1p2n/3p4/1n1PP3/1P1Q1P2/P1PB2PP/RN2KBNR w KQk - 0 10X2bqkb1r/r4ppp/ppp1p2n/3p4/1n1PP3/1P1Q1P2/P1PBK1PP/RN3BNR b k - 1 10X2bqkb1r/r4p1p/ppp1p2n/3p2p1/1n1PP3/1P1Q1P2/P1PBK1PP/RN3BNR w k - 0 11X2bqkb1r/r4p1p/ppp1p2n/3p2p1/1B1PP3/1P1Q1P2/P1P1K1PP/RN3BNR b k - 0 11X2bqkb1r/r4p1p/1pp1p2n/p2p2p1/1B1PP3/1P1Q1P2/P1P1K1PP/RN3BNR w k - 0 12X2bqkb1r/r4p1p/1pp1p2n/p2p2p1/3PP3/BP1Q1P2/P1P1K1PP/RN3BNR b k - 1 12X2bqk2r/r4p1p/1pp1p2n/p1bp2p1/3PP3/BP1Q1P2/P1P1K1PP/RN3BNR w k - 2 13X2bqk2r/r4p1p/1pp1p2n/p1bp2p1/3PP1P1/BP1Q1P2/P1P1K2P/RN3BNR b k - 0 13X2bqk2r/r4p1p/1pp1p2n/p2p2p1/1b1PP1P1/BP1Q1P2/P1P1K2P/RN3BNR w k - 1 14X2bqk2r/r4p1p/1pp1p2n/p2p2p1/1b1PP1P1/BPPQ1P2/P3K2P/RN3BNR b k - 0 14X2bqkb1r/r4p1p/1pp1p2n/p2p2p1/3PP1P1/BPPQ1P2/P3K2P/RN3BNR w k - 1 15X2bqkb1r/r4p1p/1pp1p2n/p2p2p1/3PP1P1/BPP2P2/P3K2P/RN1Q1BNR b k - 2 15X2bqkbr1/r4p1p/1pp1p2n/p2p2p1/3PP1P1/BPP2P2/P3K2P/RN1Q1BNR w - - 3 16X2bqkBr1/r4p1p/1pp1p2n/p2p2p1/3PP1P1/1PP2P2/P3K2P/RN1Q1BNR b - - 0 16X2bqkB1r/r4p1p/1pp1p2n/p2p2p1/3PP1P1/1PP2P2/P3K2P/RN1Q1BNR w - - 1 17X2bqk2r/r4pBp/1pp1p2n/p2p2p1/3PP1P1/1PP2P2/P3K2P/RN1Q1BNR b - - 2 17X2bqk1r1/r4pBp/1pp1p2n/p2p2p1/3PP1P1/1PP2P2/P3K2P/RN1Q1BNR w - - 3 18X2bqk1rB/r4p1p/1pp1p2n/p2p2p1/3PP1P1/1PP2P2/P3K2P/RN1Q1BNR b - - 4 18X2bqk2r/r4p1p/1pp1p2n/p2p2p1/3PP1P1/1PP2P2/P3K2P/RN1Q1BNR w - - 0 19X2bqk2r/r4p1p/1pp1p2n/p2p2p1/3PP1P1/1PP1KP2/P6P/RN1Q1BNR b - - 1 19X2bqk1r1/r4p1p/1pp1p2n/p2p2p1/3PP1P1/1PP1KP2/P6P/RN1Q1BNR w - - 2 20X2bqk1r1/r4p1p/1pp1p2n/p2p2p1/3PP1P1/1PPK1P2/P6P/RN1Q1BNR b - - 3 20X2bqk2r/r4p1p/1pp1p2n/p2p2p1/3PP1P1/1PPK1P2/P6P/RN1Q1BNR w - - 4 21X2bqk2r/r4p1p/1pp1p2n/p2p2p1/3PP1P1/1PP1KP2/P6P/RN1Q1BNR b - - 5 21X2bqk1r1/r4p1p/1pp1p2n/p2p2p1/3PP1P1/1PP1KP2/P6P/RN1Q1BNR w - - 6 22X2bqk1r1/r4p1p/1pp1p2n/p2p2p1/3PP1P1/1PPK1P2/P6P/RN1Q1BNR b - - 7 22X2bqk2r/r4p1p/1pp1p2n/p2p2p1/3PP1P1/1PPK1P2/P6P/RN1Q1BNR w - - 8 23X2bqk2r/r4p1p/1pp1p2n/p2p2p1/3PP1P1/1PP1KP2/P6P/RN1Q1BNR b - - 9 23X2bqk1r1/r4p1p/1pp1p2n/p2p2p1/3PP1P1/1PP1KP2/P6P/RN1Q1BNR w - - 10 24X2bqk1r1/r4p1p/1pp1p2n/p2p2p1/3PP1P1/1PPK1P2/P6P/RN1Q1BNR b - - 11 24X2bqk2r/r4p1p/1pp1p2n/p2p2p1/3PP1P1/1PPK1P2/P6P/RN1Q1BNR w - - 12 25X2bqk2r/r4p1p/1pp1p2n/p2p2p1/3PP1P1/1PP1KP2/P6P/RN1Q1BNR b - - 13 25X2bqk1r1/r4p1p/1pp1p2n/p2p2p1/3PP1P1/1PP1KP2/P6P/RN1Q1BNR w - - 14 26X2bqk1r1/r4p1p/1pp1p2n/p2p2p1/3PP1P1/1PPK1P2/P6P/RN1Q1BNR b - - 15 26X2bqk2r/r4p1p/1pp1p2n/p2p2p1/3PP1P1/1PPK1P2/P6P/RN1Q1BNR w - - 16 27
bot_vs_bot_interno,Hatchet1,Hatchet1,white,0,TRUE,400,FALSE,FALSE,61,c4Xc5XQc2Xg5Xe4XNh6Xb4XQa5XNe2XQb5Xa4XQxa4Xh4XBg7Xh5XBf6XNa3XKf8XQxa4XBc3XQb5XBd4XRh3Xb6XNc2XNf5XRd3XBg7XRda3XRg8XQxd7XRh8XQe8+XKxe8XRxa7XRg8XRxa8XRh8XRxb8XRg8XRxc8+XKd7XRxg8XBh8XRxh8XKc7XRg8XKd7XRh8XKc7XRg8XKd7XRh8XKc7XRg8XKd7XRh8XKc7XRg8XKd7XRh8,0.198457956314087,7R/3kpp1p/1p6/2p2npP/1PP1P3/8/2NPNPP1/R1B1KB2 b Q - 16 31,rnbqkbnr/pppppppp/8/8/8/8/PPPPPPPP/RNBQKBNR w KQkq - 0 1Xrnbqkbnr/pppppppp/8/8/2P5/8/PP1PPPPP/RNBQKBNR b KQkq - 0 1Xrnbqkbnr/pp1ppppp/8/2p5/2P5/8/PP1PPPPP/RNBQKBNR w KQkq - 0 2Xrnbqkbnr/pp1ppppp/8/2p5/2P5/8/PPQPPPPP/RNB1KBNR b KQkq - 1 2Xrnbqkbnr/pp1ppp1p/8/2p3p1/2P5/8/PPQPPPPP/RNB1KBNR w KQkq - 0 3Xrnbqkbnr/pp1ppp1p/8/2p3p1/2P1P3/8/PPQP1PPP/RNB1KBNR b KQkq - 0 3Xrnbqkb1r/pp1ppp1p/7n/2p3p1/2P1P3/8/PPQP1PPP/RNB1KBNR w KQkq - 1 4Xrnbqkb1r/pp1ppp1p/7n/2p3p1/1PP1P3/8/P1QP1PPP/RNB1KBNR b KQkq - 0 4Xrnb1kb1r/pp1ppp1p/7n/q1p3p1/1PP1P3/8/P1QP1PPP/RNB1KBNR w KQkq - 1 5Xrnb1kb1r/pp1ppp1p/7n/q1p3p1/1PP1P3/8/P1QPNPPP/RNB1KB1R b KQkq - 2 5Xrnb1kb1r/pp1ppp1p/7n/1qp3p1/1PP1P3/8/P1QPNPPP/RNB1KB1R w KQkq - 3 6Xrnb1kb1r/pp1ppp1p/7n/1qp3p1/PPP1P3/8/2QPNPPP/RNB1KB1R b KQkq - 0 6Xrnb1kb1r/pp1ppp1p/7n/2p3p1/qPP1P3/8/2QPNPPP/RNB1KB1R w KQkq - 0 7Xrnb1kb1r/pp1ppp1p/7n/2p3p1/qPP1P2P/8/2QPNPP1/RNB1KB1R b KQkq - 0 7Xrnb1k2r/pp1pppbp/7n/2p3p1/qPP1P2P/8/2QPNPP1/RNB1KB1R w KQkq - 1 8Xrnb1k2r/pp1pppbp/7n/2p3pP/qPP1P3/8/2QPNPP1/RNB1KB1R b KQkq - 0 8Xrnb1k2r/pp1ppp1p/5b1n/2p3pP/qPP1P3/8/2QPNPP1/RNB1KB1R w KQkq - 1 9Xrnb1k2r/pp1ppp1p/5b1n/2p3pP/qPP1P3/N7/2QPNPP1/R1B1KB1R b KQkq - 2 9Xrnb2k1r/pp1ppp1p/5b1n/2p3pP/qPP1P3/N7/2QPNPP1/R1B1KB1R w KQ - 3 10Xrnb2k1r/pp1ppp1p/5b1n/2p3pP/QPP1P3/N7/3PNPP1/R1B1KB1R b KQ - 0 10Xrnb2k1r/pp1ppp1p/7n/2p3pP/QPP1P3/N1b5/3PNPP1/R1B1KB1R w KQ - 1 11Xrnb2k1r/pp1ppp1p/7n/1Qp3pP/1PP1P3/N1b5/3PNPP1/R1B1KB1R b KQ - 2 11Xrnb2k1r/pp1ppp1p/7n/1Qp3pP/1PPbP3/N7/3PNPP1/R1B1KB1R w KQ - 3 12Xrnb2k1r/pp1ppp1p/7n/1Qp3pP/1PPbP3/N6R/3PNPP1/R1B1KB2 b Q - 4 12Xrnb2k1r/p2ppp1p/1p5n/1Qp3pP/1PPbP3/N6R/3PNPP1/R1B1KB2 w Q - 0 13Xrnb2k1r/p2ppp1p/1p5n/1Qp3pP/1PPbP3/7R/2NPNPP1/R1B1KB2 b Q - 1 13Xrnb2k1r/p2ppp1p/1p6/1Qp2npP/1PPbP3/7R/2NPNPP1/R1B1KB2 w Q - 2 14Xrnb2k1r/p2ppp1p/1p6/1Qp2npP/1PPbP3/3R4/2NPNPP1/R1B1KB2 b Q - 3 14Xrnb2k1r/p2pppbp/1p6/1Qp2npP/1PP1P3/3R4/2NPNPP1/R1B1KB2 w Q - 4 15Xrnb2k1r/p2pppbp/1p6/1Qp2npP/1PP1P3/R7/2NPNPP1/R1B1KB2 b Q - 5 15Xrnb2kr1/p2pppbp/1p6/1Qp2npP/1PP1P3/R7/2NPNPP1/R1B1KB2 w Q - 6 16Xrnb2kr1/p2Qppbp/1p6/2p2npP/1PP1P3/R7/2NPNPP1/R1B1KB2 b Q - 0 16Xrnb2k1r/p2Qppbp/1p6/2p2npP/1PP1P3/R7/2NPNPP1/R1B1KB2 w Q - 1 17Xrnb1Qk1r/p3ppbp/1p6/2p2npP/1PP1P3/R7/2NPNPP1/R1B1KB2 b Q - 2 17Xrnb1k2r/p3ppbp/1p6/2p2npP/1PP1P3/R7/2NPNPP1/R1B1KB2 w Q - 0 18Xrnb1k2r/R3ppbp/1p6/2p2npP/1PP1P3/8/2NPNPP1/R1B1KB2 b Q - 0 18Xrnb1k1r1/R3ppbp/1p6/2p2npP/1PP1P3/8/2NPNPP1/R1B1KB2 w Q - 1 19XRnb1k1r1/4ppbp/1p6/2p2npP/1PP1P3/8/2NPNPP1/R1B1KB2 b Q - 0 19XRnb1k2r/4ppbp/1p6/2p2npP/1PP1P3/8/2NPNPP1/R1B1KB2 w Q - 1 20X1Rb1k2r/4ppbp/1p6/2p2npP/1PP1P3/8/2NPNPP1/R1B1KB2 b Q - 0 20X1Rb1k1r1/4ppbp/1p6/2p2npP/1PP1P3/8/2NPNPP1/R1B1KB2 w Q - 1 21X2R1k1r1/4ppbp/1p6/2p2npP/1PP1P3/8/2NPNPP1/R1B1KB2 b Q - 0 21X2R3r1/3kppbp/1p6/2p2npP/1PP1P3/8/2NPNPP1/R1B1KB2 w Q - 1 22X6R1/3kppbp/1p6/2p2npP/1PP1P3/8/2NPNPP1/R1B1KB2 b Q - 0 22X6Rb/3kpp1p/1p6/2p2npP/1PP1P3/8/2NPNPP1/R1B1KB2 w Q - 1 23X7R/3kpp1p/1p6/2p2npP/1PP1P3/8/2NPNPP1/R1B1KB2 b Q - 0 23X7R/2k1pp1p/1p6/2p2npP/1PP1P3/8/2NPNPP1/R1B1KB2 w Q - 1 24X6R1/2k1pp1p/1p6/2p2npP/1PP1P3/8/2NPNPP1/R1B1KB2 b Q - 2 24X6R1/3kpp1p/1p6/2p2npP/1PP1P3/8/2NPNPP1/R1B1KB2 w Q - 3 25X7R/3kpp1p/1p6/2p2npP/1PP1P3/8/2NPNPP1/R1B1KB2 b Q - 4 25X7R/2k1pp1p/1p6/2p2npP/1PP1P3/8/2NPNPP1/R1B1KB2 w Q - 5 26X6R1/2k1pp1p/1p6/2p2npP/1PP1P3/8/2NPNPP1/R1B1KB2 b Q - 6 26X6R1/3kpp1p/1p6/2p2npP/1PP1P3/8/2NPNPP1/R1B1KB2 w Q - 7 27X7R/3kpp1p/1p6/2p2npP/1PP1P3/8/2NPNPP1/R1B1KB2 b Q - 8 27X7R/2k1pp1p/1p6/2p2npP/1PP1P3/8/2NPNPP1/R1B1KB2 w Q - 9 28X6R1/2k1pp1p/1p6/2p2npP/1PP1P3/8/2NPNPP1/R1B1KB2 b Q - 10 28X6R1/3kpp1p/1p6/2p2npP/1PP1P3/8/2NPNPP1/R1B1KB2 w Q - 11 29X7R/3kpp1p/1p6/2p2npP/1PP1P3/8/2NPNPP1/R1B1KB2 b Q - 12 29X7R/2k1pp1p/1p6/2p2npP/1PP1P3/8/2NPNPP1/R1B1KB2 w Q - 13 30X6R1/2k1pp1p/1p6/2p2npP/1PP1P3/8/2NPNPP1/R1B1KB2 b Q - 14 30X6R1/3kpp1p/1p6/2p2npP/1PP1P3/8/2NPNPP1/R1B1KB2 w Q - 15 31
bot_vs_bot_interno,Hatchet1,Hatchet1,white,NA,FALSE,400,FALSE,FALSE,15,Nh3Xb5Xg4Xc5Xc4XBa6XNg1Xb4Xe3XQc7Xd3Xh5Xf3Xh4XNA,2.5061719417572,rn2kbnr/p1qpppp1/b7/2p5/1pP3Pp/3PPP2/PP5P/RNBQKBNR w KQkq - 0 8,rnbqkbnr/pppppppp/8/8/8/8/PPPPPPPP/RNBQKBNR w KQkq - 0 1Xrnbqkbnr/pppppppp/8/8/8/7N/PPPPPPPP/RNBQKB1R b KQkq - 1 1Xrnbqkbnr/p1pppppp/8/1p6/8/7N/PPPPPPPP/RNBQKB1R w KQkq - 0 2Xrnbqkbnr/p1pppppp/8/1p6/6P1/7N/PPPPPP1P/RNBQKB1R b KQkq - 0 2Xrnbqkbnr/p2ppppp/8/1pp5/6P1/7N/PPPPPP1P/RNBQKB1R w KQkq - 0 3Xrnbqkbnr/p2ppppp/8/1pp5/2P3P1/7N/PP1PPP1P/RNBQKB1R b KQkq - 0 3Xrn1qkbnr/p2ppppp/b7/1pp5/2P3P1/7N/PP1PPP1P/RNBQKB1R w KQkq - 1 4Xrn1qkbnr/p2ppppp/b7/1pp5/2P3P1/8/PP1PPP1P/RNBQKBNR b KQkq - 2 4Xrn1qkbnr/p2ppppp/b7/2p5/1pP3P1/8/PP1PPP1P/RNBQKBNR w KQkq - 0 5Xrn1qkbnr/p2ppppp/b7/2p5/1pP3P1/4P3/PP1P1P1P/RNBQKBNR b KQkq - 0 5Xrn2kbnr/p1qppppp/b7/2p5/1pP3P1/4P3/PP1P1P1P/RNBQKBNR w KQkq - 1 6Xrn2kbnr/p1qppppp/b7/2p5/1pP3P1/3PP3/PP3P1P/RNBQKBNR b KQkq - 0 6Xrn2kbnr/p1qpppp1/b7/2p4p/1pP3P1/3PP3/PP3P1P/RNBQKBNR w KQkq - 0 7Xrn2kbnr/p1qpppp1/b7/2p4p/1pP3P1/3PPP2/PP5P/RNBQKBNR b KQkq - 0 7Xrn2kbnr/p1qpppp1/b7/2p5/1pP3Pp/3PPP2/PP5P/RNBQKBNR w KQkq - 0 8
bot_vs_bot_interno,Hatchet1,Hatchet1,white,NA,FALSE,400,FALSE,FALSE,15,f3Xg6XKf2Xc6XQe1Xc5XQd1Xe5XQe1XQg5Xd4Xexd4Xe4XNa6XNA,2.6508150100708,r1b1kbnr/pp1p1p1p/n5p1/2p3q1/3pP3/5P2/PPP2KPP/RNB1QBNR w kq - 1 8,rnbqkbnr/pppppppp/8/8/8/8/PPPPPPPP/RNBQKBNR w KQkq - 0 1Xrnbqkbnr/pppppppp/8/8/8/5P2/PPPPP1PP/RNBQKBNR b KQkq - 0 1Xrnbqkbnr/pppppp1p/6p1/8/8/5P2/PPPPP1PP/RNBQKBNR w KQkq - 0 2Xrnbqkbnr/pppppp1p/6p1/8/8/5P2/PPPPPKPP/RNBQ1BNR b kq - 1 2Xrnbqkbnr/pp1ppp1p/2p3p1/8/8/5P2/PPPPPKPP/RNBQ1BNR w kq - 0 3Xrnbqkbnr/pp1ppp1p/2p3p1/8/8/5P2/PPPPPKPP/RNB1QBNR b kq - 1 3Xrnbqkbnr/pp1ppp1p/6p1/2p5/8/5P2/PPPPPKPP/RNB1QBNR w kq - 0 4Xrnbqkbnr/pp1ppp1p/6p1/2p5/8/5P2/PPPPPKPP/RNBQ1BNR b kq - 1 4Xrnbqkbnr/pp1p1p1p/6p1/2p1p3/8/5P2/PPPPPKPP/RNBQ1BNR w kq - 0 5Xrnbqkbnr/pp1p1p1p/6p1/2p1p3/8/5P2/PPPPPKPP/RNB1QBNR b kq - 1 5Xrnb1kbnr/pp1p1p1p/6p1/2p1p1q1/8/5P2/PPPPPKPP/RNB1QBNR w kq - 2 6Xrnb1kbnr/pp1p1p1p/6p1/2p1p1q1/3P4/5P2/PPP1PKPP/RNB1QBNR b kq - 0 6Xrnb1kbnr/pp1p1p1p/6p1/2p3q1/3p4/5P2/PPP1PKPP/RNB1QBNR w kq - 0 7Xrnb1kbnr/pp1p1p1p/6p1/2p3q1/3pP3/5P2/PPP2KPP/RNB1QBNR b kq e3 0 7Xr1b1kbnr/pp1p1p1p/n5p1/2p3q1/3pP3/5P2/PPP2KPP/RNB1QBNR w kq - 1 8
bot_vs_bot_interno,Hatchet1,Hatchet1,white,NA,FALSE,400,FALSE,FALSE,15,h4Xb5XNc3XNh6Xa4XNg8XNf3XNc6XNd4Xb4Xf3XNa5XNd5Xe5XNA,2.62829303741455,r1bqkbnr/p1pp1ppp/8/n2Np3/Pp1N3P/5P2/1PPPP1P1/R1BQKB1R w KQkq - 0 8,rnbqkbnr/pppppppp/8/8/8/8/PPPPPPPP/RNBQKBNR w KQkq - 0 1Xrnbqkbnr/pppppppp/8/8/7P/8/PPPPPPP1/RNBQKBNR b KQkq - 0 1Xrnbqkbnr/p1pppppp/8/1p6/7P/8/PPPPPPP1/RNBQKBNR w KQkq - 0 2Xrnbqkbnr/p1pppppp/8/1p6/7P/2N5/PPPPPPP1/R1BQKBNR b KQkq - 1 2Xrnbqkb1r/p1pppppp/7n/1p6/7P/2N5/PPPPPPP1/R1BQKBNR w KQkq - 2 3Xrnbqkb1r/p1pppppp/7n/1p6/P6P/2N5/1PPPPPP1/R1BQKBNR b KQkq - 0 3Xrnbqkbnr/p1pppppp/8/1p6/P6P/2N5/1PPPPPP1/R1BQKBNR w KQkq - 1 4Xrnbqkbnr/p1pppppp/8/1p6/P6P/2N2N2/1PPPPPP1/R1BQKB1R b KQkq - 2 4Xr1bqkbnr/p1pppppp/2n5/1p6/P6P/2N2N2/1PPPPPP1/R1BQKB1R w KQkq - 3 5Xr1bqkbnr/p1pppppp/2n5/1p6/P2N3P/2N5/1PPPPPP1/R1BQKB1R b KQkq - 4 5Xr1bqkbnr/p1pppppp/2n5/8/Pp1N3P/2N5/1PPPPPP1/R1BQKB1R w KQkq - 0 6Xr1bqkbnr/p1pppppp/2n5/8/Pp1N3P/2N2P2/1PPPP1P1/R1BQKB1R b KQkq - 0 6Xr1bqkbnr/p1pppppp/8/n7/Pp1N3P/2N2P2/1PPPP1P1/R1BQKB1R w KQkq - 1 7Xr1bqkbnr/p1pppppp/8/n2N4/Pp1N3P/5P2/1PPPP1P1/R1BQKB1R b KQkq - 2 7Xr1bqkbnr/p1pp1ppp/8/n2Np3/Pp1N3P/5P2/1PPPP1P1/R1BQKB1R w KQkq - 0 8
bot_vs_bot_interno,Hatchet1,Hatchet1,white,NA,FALSE,400,FALSE,FALSE,15,g4Xh6Xc3Xd6XQc2Xb6Xh3Xa5Xd4XQd7XQd2Xf6XQg5Xb5XNA,2.55975008010864,rnb1kbnr/2pqp1p1/3p1p1p/pp4Q1/3P2P1/2P4P/PP2PP2/RNB1KBNR w KQkq - 0 8,rnbqkbnr/pppppppp/8/8/8/8/PPPPPPPP/RNBQKBNR w KQkq - 0 1Xrnbqkbnr/pppppppp/8/8/6P1/8/PPPPPP1P/RNBQKBNR b KQkq - 0 1Xrnbqkbnr/ppppppp1/7p/8/6P1/8/PPPPPP1P/RNBQKBNR w KQkq - 0 2Xrnbqkbnr/ppppppp1/7p/8/6P1/2P5/PP1PPP1P/RNBQKBNR b KQkq - 0 2Xrnbqkbnr/ppp1ppp1/3p3p/8/6P1/2P5/PP1PPP1P/RNBQKBNR w KQkq - 0 3Xrnbqkbnr/ppp1ppp1/3p3p/8/6P1/2P5/PPQPPP1P/RNB1KBNR b KQkq - 1 3Xrnbqkbnr/p1p1ppp1/1p1p3p/8/6P1/2P5/PPQPPP1P/RNB1KBNR w KQkq - 0 4Xrnbqkbnr/p1p1ppp1/1p1p3p/8/6P1/2P4P/PPQPPP2/RNB1KBNR b KQkq - 0 4Xrnbqkbnr/2p1ppp1/1p1p3p/p7/6P1/2P4P/PPQPPP2/RNB1KBNR w KQkq - 0 5Xrnbqkbnr/2p1ppp1/1p1p3p/p7/3P2P1/2P4P/PPQ1PP2/RNB1KBNR b KQkq - 0 5Xrnb1kbnr/2pqppp1/1p1p3p/p7/3P2P1/2P4P/PPQ1PP2/RNB1KBNR w KQkq - 1 6Xrnb1kbnr/2pqppp1/1p1p3p/p7/3P2P1/2P4P/PP1QPP2/RNB1KBNR b KQkq - 2 6Xrnb1kbnr/2pqp1p1/1p1p1p1p/p7/3P2P1/2P4P/PP1QPP2/RNB1KBNR w KQkq - 0 7Xrnb1kbnr/2pqp1p1/1p1p1p1p/p5Q1/3P2P1/2P4P/PP2PP2/RNB1KBNR b KQkq - 1 7Xrnb1kbnr/2pqp1p1/3p1p1p/pp4Q1/3P2P1/2P4P/PP2PP2/RNB1KBNR w KQkq - 0 8
bot_vs_bot_interno,Hatchet1,Hatchet1,white,NA,FALSE,400,FALSE,FALSE,15,Nh3Xb5Xg4Xc5Xc4XBa6XNg1Xb4Xe3XQc7Xd3Xh5Xf3Xh4XNA,2.5061719417572,rn2kbnr/p1qpppp1/b7/2p5/1pP3Pp/3PPP2/PP5P/RNBQKBNR w KQkq - 0 8,rnbqkbnr/pppppppp/8/8/8/8/PPPPPPPP/RNBQKBNR w KQkq - 0 1Xrnbqkbnr/pppppppp/8/8/8/7N/PPPPPPPP/RNBQKB1R b KQkq - 1 1Xrnbqkbnr/p1pppppp/8/1p6/8/7N/PPPPPPPP/RNBQKB1R w KQkq - 0 2Xrnbqkbnr/p1pppppp/8/1p6/6P1/7N/PPPPPP1P/RNBQKB1R b KQkq - 0 2Xrnbqkbnr/p2ppppp/8/1pp5/6P1/7N/PPPPPP1P/RNBQKB1R w KQkq - 0 3Xrnbqkbnr/p2ppppp/8/1pp5/2P3P1/7N/PP1PPP1P/RNBQKB1R b KQkq - 0 3Xrn1qkbnr/p2ppppp/b7/1pp5/2P3P1/7N/PP1PPP1P/RNBQKB1R w KQkq - 1 4Xrn1qkbnr/p2ppppp/b7/1pp5/2P3P1/8/PP1PPP1P/RNBQKBNR b KQkq - 2 4Xrn1qkbnr/p2ppppp/b7/2p5/1pP3P1/8/PP1PPP1P/RNBQKBNR w KQkq - 0 5Xrn1qkbnr/p2ppppp/b7/2p5/1pP3P1/4P3/PP1P1P1P/RNBQKBNR b KQkq - 0 5Xrn2kbnr/p1qppppp/b7/2p5/1pP3P1/4P3/PP1P1P1P/RNBQKBNR w KQkq - 1 6Xrn2kbnr/p1qppppp/b7/2p5/1pP3P1/3PP3/PP3P1P/RNBQKBNR b KQkq - 0 6Xrn2kbnr/p1qpppp1/b7/2p4p/1pP3P1/3PP3/PP3P1P/RNBQKBNR w KQkq - 0 7Xrn2kbnr/p1qpppp1/b7/2p4p/1pP3P1/3PPP2/PP5P/RNBQKBNR b KQkq - 0 7Xrn2kbnr/p1qpppp1/b7/2p5/1pP3Pp/3PPP2/PP5P/RNBQKBNR w KQkq - 0 8
bot_vs_bot_interno,Hatchet1,Hatchet1,white,NA,FALSE,400,FALSE,FALSE,15,f3Xg6XKf2Xc6XQe1Xc5XQd1Xe5XQe1XQg5Xd4Xexd4Xe4XNa6XNA,2.6508150100708,r1b1kbnr/pp1p1p1p/n5p1/2p3q1/3pP3/5P2/PPP2KPP/RNB1QBNR w kq - 1 8,rnbqkbnr/pppppppp/8/8/8/8/PPPPPPPP/RNBQKBNR w KQkq - 0 1Xrnbqkbnr/pppppppp/8/8/8/5P2/PPPPP1PP/RNBQKBNR b KQkq - 0 1Xrnbqkbnr/pppppp1p/6p1/8/8/5P2/PPPPP1PP/RNBQKBNR w KQkq - 0 2Xrnbqkbnr/pppppp1p/6p1/8/8/5P2/PPPPPKPP/RNBQ1BNR b kq - 1 2Xrnbqkbnr/pp1ppp1p/2p3p1/8/8/5P2/PPPPPKPP/RNBQ1BNR w kq - 0 3Xrnbqkbnr/pp1ppp1p/2p3p1/8/8/5P2/PPPPPKPP/RNB1QBNR b kq - 1 3Xrnbqkbnr/pp1ppp1p/6p1/2p5/8/5P2/PPPPPKPP/RNB1QBNR w kq - 0 4Xrnbqkbnr/pp1ppp1p/6p1/2p5/8/5P2/PPPPPKPP/RNBQ1BNR b kq - 1 4Xrnbqkbnr/pp1p1p1p/6p1/2p1p3/8/5P2/PPPPPKPP/RNBQ1BNR w kq - 0 5Xrnbqkbnr/pp1p1p1p/6p1/2p1p3/8/5P2/PPPPPKPP/RNB1QBNR b kq - 1 5Xrnb1kbnr/pp1p1p1p/6p1/2p1p1q1/8/5P2/PPPPPKPP/RNB1QBNR w kq - 2 6Xrnb1kbnr/pp1p1p1p/6p1/2p1p1q1/3P4/5P2/PPP1PKPP/RNB1QBNR b kq - 0 6Xrnb1kbnr/pp1p1p1p/6p1/2p3q1/3p4/5P2/PPP1PKPP/RNB1QBNR w kq - 0 7Xrnb1kbnr/pp1p1p1p/6p1/2p3q1/3pP3/5P2/PPP2KPP/RNB1QBNR b kq e3 0 7Xr1b1kbnr/pp1p1p1p/n5p1/2p3q1/3pP3/5P2/PPP2KPP/RNB1QBNR w kq - 1 8
bot_vs_bot_interno,Hatchet1,Hatchet1,white,NA,FALSE,400,FALSE,FALSE,15,h4Xb5XNc3XNh6Xa4XNg8XNf3XNc6XNd4Xb4Xf3XNa5XNd5Xe5XNA,2.62829303741455,r1bqkbnr/p1pp1ppp/8/n2Np3/Pp1N3P/5P2/1PPPP1P1/R1BQKB1R w KQkq - 0 8,rnbqkbnr/pppppppp/8/8/8/8/PPPPPPPP/RNBQKBNR w KQkq - 0 1Xrnbqkbnr/pppppppp/8/8/7P/8/PPPPPPP1/RNBQKBNR b KQkq - 0 1Xrnbqkbnr/p1pppppp/8/1p6/7P/8/PPPPPPP1/RNBQKBNR w KQkq - 0 2Xrnbqkbnr/p1pppppp/8/1p6/7P/2N5/PPPPPPP1/R1BQKBNR b KQkq - 1 2Xrnbqkb1r/p1pppppp/7n/1p6/7P/2N5/PPPPPPP1/R1BQKBNR w KQkq - 2 3Xrnbqkb1r/p1pppppp/7n/1p6/P6P/2N5/1PPPPPP1/R1BQKBNR b KQkq - 0 3Xrnbqkbnr/p1pppppp/8/1p6/P6P/2N5/1PPPPPP1/R1BQKBNR w KQkq - 1 4Xrnbqkbnr/p1pppppp/8/1p6/P6P/2N2N2/1PPPPPP1/R1BQKB1R b KQkq - 2 4Xr1bqkbnr/p1pppppp/2n5/1p6/P6P/2N2N2/1PPPPPP1/R1BQKB1R w KQkq - 3 5Xr1bqkbnr/p1pppppp/2n5/1p6/P2N3P/2N5/1PPPPPP1/R1BQKB1R b KQkq - 4 5Xr1bqkbnr/p1pppppp/2n5/8/Pp1N3P/2N5/1PPPPPP1/R1BQKB1R w KQkq - 0 6Xr1bqkbnr/p1pppppp/2n5/8/Pp1N3P/2N2P2/1PPPP1P1/R1BQKB1R b KQkq - 0 6Xr1bqkbnr/p1pppppp/8/n7/Pp1N3P/2N2P2/1PPPP1P1/R1BQKB1R w KQkq - 1 7Xr1bqkbnr/p1pppppp/8/n2N4/Pp1N3P/5P2/1PPPP1P1/R1BQKB1R b KQkq - 2 7Xr1bqkbnr/p1pp1ppp/8/n2Np3/Pp1N3P/5P2/1PPPP1P1/R1BQKB1R w KQkq - 0 8
bot_vs_bot_interno,Hatchet1,Hatchet1,white,NA,FALSE,400,FALSE,FALSE,15,g4Xh6Xc3Xd6XQc2Xb6Xh3Xa5Xd4XQd7XQd2Xf6XQg5Xb5XNA,2.55975008010864,rnb1kbnr/2pqp1p1/3p1p1p/pp4Q1/3P2P1/2P4P/PP2PP2/RNB1KBNR w KQkq - 0 8,rnbqkbnr/pppppppp/8/8/8/8/PPPPPPPP/RNBQKBNR w KQkq - 0 1Xrnbqkbnr/pppppppp/8/8/6P1/8/PPPPPP1P/RNBQKBNR b KQkq - 0 1Xrnbqkbnr/ppppppp1/7p/8/6P1/8/PPPPPP1P/RNBQKBNR w KQkq - 0 2Xrnbqkbnr/ppppppp1/7p/8/6P1/2P5/PP1PPP1P/RNBQKBNR b KQkq - 0 2Xrnbqkbnr/ppp1ppp1/3p3p/8/6P1/2P5/PP1PPP1P/RNBQKBNR w KQkq - 0 3Xrnbqkbnr/ppp1ppp1/3p3p/8/6P1/2P5/PPQPPP1P/RNB1KBNR b KQkq - 1 3Xrnbqkbnr/p1p1ppp1/1p1p3p/8/6P1/2P5/PPQPPP1P/RNB1KBNR w KQkq - 0 4Xrnbqkbnr/p1p1ppp1/1p1p3p/8/6P1/2P4P/PPQPPP2/RNB1KBNR b KQkq - 0 4Xrnbqkbnr/2p1ppp1/1p1p3p/p7/6P1/2P4P/PPQPPP2/RNB1KBNR w KQkq - 0 5Xrnbqkbnr/2p1ppp1/1p1p3p/p7/3P2P1/2P4P/PPQ1PP2/RNB1KBNR b KQkq - 0 5Xrnb1kbnr/2pqppp1/1p1p3p/p7/3P2P1/2P4P/PPQ1PP2/RNB1KBNR w KQkq - 1 6Xrnb1kbnr/2pqppp1/1p1p3p/p7/3P2P1/2P4P/PP1QPP2/RNB1KBNR b KQkq - 2 6Xrnb1kbnr/2pqp1p1/1p1p1p1p/p7/3P2P1/2P4P/PP1QPP2/RNB1KBNR w KQkq - 0 7Xrnb1kbnr/2pqp1p1/1p1p1p1p/p5Q1/3P2P1/2P4P/PP2PP2/RNB1KBNR b KQkq - 1 7Xrnb1kbnr/2pqp1p1/3p1p1p/pp4Q1/3P2P1/2P4P/PP2PP2/RNB1KBNR w KQkq - 0 8
